sigma,other,stepsize,p0_c,p0_b,lo_c,lo_b,hi_c,hi_b,cs,bs,error,time_total
A,A,0.01,2.0,0.7,0.0,0.01,100.0,0.99,1.8000685786828399,0.30004777334864613,8.342905510438912e-8,0.073908499
A,B,0.01,2.0,0.7,0.0,0.01,100.0,0.99,1.7642087936401367,0.29211543083190983,0.048222325112017905,0.019550501
A,R,0.01,2.0,0.7,0.0,0.01,100.0,0.99,2.040060043334961,0.3350299644470217,0.5829944609507969,0.0165882
A,L1,0.01,2.0,0.7,0.0,0.01,100.0,0.99,1.8000685786828399,0.30004777334864613,8.929028543631787e-8,9.317123
A,L12,0.01,2.0,0.7,0.0,0.01,100.0,0.99,1.8000685786828399,0.30004777334864613,8.521283358486341e-8,61.6035955
B,A,0.01,2.0,0.7,0.0,0.01,100.0,0.99,1.838967107975531,0.3083705181729183,6.667898218963393e-5,0.0113211
B,B,0.01,2.0,0.7,0.0,0.01,100.0,0.99,1.8001107844465878,0.3000495343138009,2.3635297572012346e-5,0.0278022
B,R,0.01,2.0,0.7,0.0,0.01,100.0,0.99,2.0644557289779186,0.3362820411473507,0.3009407244422283,0.0616878
B,L1,0.01,2.0,0.7,0.0,0.01,100.0,0.99,1.838967107975531,0.3083705181729183,6.727554028017166e-5,8.8865982
B,L12,0.01,2.0,0.7,0.0,0.01,100.0,0.99,1.838967107975531,0.3083705181729183,6.669452114183508e-5,80.4052722
R,A,0.01,2.0,0.7,0.0,0.01,100.0,0.99,1.6036334782838821,0.2722077175974845,9.881163163419788e-5,0.0076584
R,B,0.01,2.0,0.7,0.0,0.01,100.0,0.99,1.5775399208068848,0.2656464838981644,0.19956320429647972,0.0208505
R,R,0.01,2.0,0.7,0.0,0.01,100.0,0.99,1.8000130094587803,0.3000209073396409,2.9353760444551467e-5,0.0266141
R,L1,0.01,2.0,0.7,0.0,0.01,100.0,0.99,1.6036334782838821,0.2722077175974845,9.84518041371728e-5,8.143455899
R,L12,0.01,2.0,0.7,0.0,0.01,100.0,0.99,1.6036334782838821,0.2722077175974845,9.879823439470557e-5,58.729799399
L1,A,0.01,2.0,0.7,0.0,0.01,100.0,0.99,1.7999054556712508,0.29994880058105466,5.2130723959034056e-8,0.0112372
L1,B,0.01,2.0,0.7,0.0,0.01,100.0,0.99,1.7642087936401367,0.29211543083190983,0.04864981161653167,0.021799901
L1,R,0.01,2.0,0.7,0.0,0.01,100.0,0.99,2.040060043334961,0.3350299644470217,0.5832293204124432,0.0203938
L1,L1,0.01,2.0,0.7,0.0,0.01,100.0,0.99,1.8000685786828399,0.30004777334864613,8.342945517502067e-8,10.072968101
L1,L12,0.01,2.0,0.7,0.0,0.01,100.0,0.99,1.7999054556712508,0.29994880058105466,5.0706493674629885e-8,66.763234099
L12,A,0.01,2.0,0.7,0.0,0.01,100.0,0.99,1.8000685786828399,0.30004777334864613,8.524443664283118e-8,0.0123076
L12,B,0.01,2.0,0.7,0.0,0.01,100.0,0.99,1.7642087936401367,0.29211543083190983,0.04823335134062627,0.0293678
L12,R,0.01,2.0,0.7,0.0,0.01,100.0,0.99,2.040060043334961,0.3350299644470217,0.5829806972591144,0.0230654
L12,L1,0.01,2.0,0.7,0.0,0.01,100.0,0.99,1.8000685786828399,0.30004777334864613,8.785301634973146e-8,10.367915899
L12,L12,0.01,2.0,0.7,0.0,0.01,100.0,0.99,1.8000685786828399,0.30004777334864613,8.342905400918125e-8,61.3708147
A,A,0.02,2.0,0.7,0.0,0.01,100.0,0.99,1.8000685786828399,0.30004777334864613,8.362229501275465e-8,0.0039216
A,B,0.02,2.0,0.7,0.0,0.01,100.0,0.99,1.743624126946088,0.2872209263988753,0.04803885173971685,0.022603801
A,R,0.02,2.0,0.7,0.0,0.01,100.0,0.99,2.07379150390625,0.3331280517578128,0.09203370598152809,0.008655799
A,L1,0.02,2.0,0.7,0.0,0.01,100.0,0.99,1.8000228023156524,0.30002160452540394,7.111937700098032e-8,2.1290981
A,L12,0.02,2.0,0.7,0.0,0.01,100.0,0.99,1.8000685786828399,0.30004777334864613,9.792095610317432e-8,14.142173799
B,A,0.02,2.0,0.7,0.0,0.01,100.0,0.99,1.8631385164408485,0.3136004165491436,0.0001427086275822223,0.003870901
B,B,0.02,2.0,0.7,0.0,0.01,100.0,0.99,1.8000679068179721,0.3000350317213455,7.0723206002757255e-6,0.015684
B,R,0.02,2.0,0.7,0.0,0.01,100.0,0.99,2.1501092575490475,0.3480174294859168,0.2903014037072911,0.0114982
B,L1,0.02,2.0,0.7,0.0,0.01,100.0,0.99,1.8631385164408485,0.3136004165491436,0.00014524262641320634,2.075138801
B,L12,0.02,2.0,0.7,0.0,0.01,100.0,0.99,1.8631385164408485,0.3136004165491436,0.00014281371224540598,14.155891801
R,A,0.02,2.0,0.7,0.0,0.01,100.0,0.99,1.5592047227546573,0.2653706488758323,0.0001559701728195485,0.020487901
R,B,0.02,2.0,0.7,0.0,0.01,100.0,0.99,1.520136071369052,0.2548541844636203,0.1709553401728325,0.0148761
R,R,0.02,2.0,0.7,0.0,0.01,100.0,0.99,1.8000130094587803,0.3000209073396409,1.4082183879800489e-5,0.0162685
R,L1,0.02,2.0,0.7,0.0,0.01,100.0,0.99,1.5592047227546573,0.2653706488758323,0.00015453106234570815,2.1753023
R,L12,0.02,2.0,0.7,0.0,0.01,100.0,0.99,1.5592047227546573,0.2653706488758323,0.0001558845310735318,14.2351182
L1,A,0.02,2.0,0.7,0.0,0.01,100.0,0.99,1.7998244082555175,0.2999503266089726,1.1084501450928238e-7,0.0040057
L1,B,0.02,2.0,0.7,0.0,0.01,100.0,0.99,1.7438413011841476,0.2873476872837616,0.04895319342385604,0.015664101
L1,R,0.02,2.0,0.7,0.0,0.01,100.0,0.99,2.077569931745529,0.3345093990862345,0.08267948889611272,0.016645901
L1,L1,0.02,2.0,0.7,0.0,0.01,100.0,0.99,1.8000685786828399,0.30004777334864613,8.362347429392317e-8,2.2069139
L1,L12,0.02,2.0,0.7,0.0,0.01,100.0,0.99,1.7998244082555175,0.2999503266089726,9.956244742869672e-8,15.327674399
L12,A,0.02,2.0,0.7,0.0,0.01,100.0,0.99,1.8000685786828399,0.30004777334864613,9.808005074156681e-8,0.0057807
L12,B,0.02,2.0,0.7,0.0,0.01,100.0,0.99,1.743624126946088,0.2872209263988753,0.04807324031380961,0.0264211
L12,R,0.02,2.0,0.7,0.0,0.01,100.0,0.99,2.07379150390625,0.3331280517578128,0.09196792662033174,0.013361
L12,L1,0.02,2.0,0.7,0.0,0.01,100.0,0.99,1.8000228023156524,0.30002160452540394,5.953386662055575e-8,2.492910701
L12,L12,0.02,2.0,0.7,0.0,0.01,100.0,0.99,1.8000685786828399,0.30004777334864613,8.362228683126147e-8,16.652356099
A,A,0.03,2.0,0.7,0.0,0.01,100.0,0.99,1.8000685786828399,0.3000477733486454,8.283429958321952e-8,0.0026561
A,B,0.03,2.0,0.7,0.0,0.01,100.0,0.99,1.722503662109375,0.28085021972656243,0.07630239045975158,0.010273001
A,R,0.03,2.0,0.7,0.0,0.01,100.0,0.99,2.119539374456508,0.3395557332859607,0.07677444039288212,0.032122301
A,L1,0.03,2.0,0.7,0.0,0.01,100.0,0.99,1.8000228023156524,0.3000216045254032,1.6163139459142215e-7,0.974090101
A,L12,0.03,2.0,0.7,0.0,0.01,100.0,0.99,1.8000685786828399,0.3000477733486454,1.312011328599975e-7,6.205566699
B,A,0.03,2.0,0.7,0.0,0.01,100.0,0.99,1.882486547343433,0.3176176160341243,0.0002194070924647085,0.002969401
B,B,0.03,2.0,0.7,0.0,0.01,100.0,0.99,1.8037492036819458,0.3017122626304628,0.010552041216879608,0.009506001
B,R,0.03,2.0,0.7,0.0,0.01,100.0,0.99,2.216540631139651,0.35713841871824065,0.2833383990700938,0.036320801
B,L1,0.03,2.0,0.7,0.0,0.01,100.0,0.99,1.882484694942832,0.3176143926195916,0.00022552981023652105,1.067100999
B,L12,0.03,2.0,0.7,0.0,0.01,100.0,0.99,1.882486547343433,0.3176176160341243,0.0002197309984825437,7.8602321
R,A,0.03,2.0,0.7,0.0,0.01,100.0,0.99,1.5295133590698242,0.26088597774505623,0.00020857740758459327,0.002864401
R,B,0.03,2.0,0.7,0.0,0.01,100.0,0.99,1.481410264968872,0.24756114006042534,0.15455922583752874,0.0100164
R,R,0.03,2.0,0.7,0.0,0.01,100.0,0.99,1.8000130094587803,0.3000209073396409,9.015983126130492e-6,0.013111199
R,L1,0.03,2.0,0.7,0.0,0.01,100.0,0.99,1.5295133590698242,0.26088597774505623,0.00020515918167684805,1.1154467
R,L12,0.03,2.0,0.7,0.0,0.01,100.0,0.99,1.5295133590698242,0.26088597774505623,0.00020831985796469419,7.143733301
L1,A,0.03,2.0,0.7,0.0,0.01,100.0,0.99,1.799751809798181,0.29991381876404694,1.466806399433638e-7,0.002640299
L1,B,0.03,2.0,0.7,0.0,0.01,100.0,0.99,1.723602294921875,0.2814035034179687,0.0672601510353824,0.008911899
L1,R,0.03,2.0,0.7,0.0,0.01,100.0,0.99,2.119630327448249,0.3396122265234589,0.07518849955446788,0.014148301
L1,L1,0.03,2.0,0.7,0.0,0.01,100.0,0.99,1.8000685786828399,0.3000477733486454,8.283645004788549e-8,0.961952801
L1,L12,0.03,2.0,0.7,0.0,0.01,100.0,0.99,1.799751809798181,0.29991381876404694,1.0855831093286241e-7,6.454160499
L12,A,0.03,2.0,0.7,0.0,0.01,100.0,0.99,1.8000685786828399,0.3000477733486454,1.31639613317653e-7,0.002572
L12,B,0.03,2.0,0.7,0.0,0.01,100.0,0.99,1.722503662109375,0.28085021972656243,0.07636040979533153,0.0071457
L12,R,0.03,2.0,0.7,0.0,0.01,100.0,0.99,2.119539374456508,0.3395557332859607,0.07663746706800212,0.014280701
L12,L1,0.03,2.0,0.7,0.0,0.01,100.0,0.99,1.8000228023156524,0.3000216045254032,1.2248991161856034e-7,0.9862022
L12,L12,0.03,2.0,0.7,0.0,0.01,100.0,0.99,1.8000685786828399,0.3000477733486454,8.2834270050725e-8,7.728006599
A,A,0.04,2.0,0.7,0.0,0.01,100.0,0.99,1.8000685786828399,0.30004777334864613,8.400891591575795e-8,0.0045753
A,B,0.04,2.0,0.7,0.0,0.01,100.0,0.99,1.714630126953125,0.2802371215820312,0.04815577631139326,0.0179899
A,R,0.04,2.0,0.7,0.0,0.01,100.0,0.99,2.153828352689743,0.3436598713696007,0.07372853249996349,0.017145201
A,L1,0.04,2.0,0.7,0.0,0.01,100.0,0.99,1.8001143550500274,0.30001412771876335,3.3144795176561603e-7,0.713863201
A,L12,0.04,2.0,0.7,0.0,0.01,100.0,0.99,1.8000685786828399,0.30004777334864613,1.9828614476091227e-7,4.524259899
B,A,0.04,2.0,0.7,0.0,0.01,100.0,0.99,1.8990804756140265,0.32088861271925545,0.0002934922726520705,0.0037208
B,B,0.04,2.0,0.7,0.0,0.01,100.0,0.99,1.799927733023651,0.29996612389571914,3.214949173789678e-6,0.0248898
B,R,0.04,2.0,0.7,0.0,0.01,100.0,0.99,2.271977983415127,0.3644254641979988,0.28101929841854134,0.0222644
B,L1,0.04,2.0,0.7,0.0,0.01,100.0,0.99,1.899239037166942,0.32093438356982995,0.00030483972011614304,0.6742011
B,L12,0.04,2.0,0.7,0.0,0.01,100.0,0.99,1.8990804756140265,0.32088861271925545,0.00029420832768198095,4.168639801
R,A,0.04,2.0,0.7,0.0,0.01,100.0,0.99,1.5039964775787666,0.2561806201000606,0.00025279950107087723,0.003499
R,B,0.04,2.0,0.7,0.0,0.01,100.0,0.99,1.4496511415636633,0.24098896438954207,0.1436828902141831,0.0200607
R,R,0.04,2.0,0.7,0.0,0.01,100.0,0.99,1.8000130094587803,0.3000209073396409,6.698668826085969e-6,0.015027299
R,L1,0.04,2.0,0.7,0.0,0.01,100.0,0.99,1.5043920140014961,0.25631648769573334,0.00024780875507776705,0.5660446
R,L12,0.04,2.0,0.7,0.0,0.01,100.0,0.99,1.5039964775787666,0.2561806201000606,0.0002522585111646751,4.6738996
L1,A,0.04,2.0,0.7,0.0,0.01,100.0,0.99,1.7998354224255309,0.29994244376663987,2.2744864678730603e-7,0.003966901
L1,B,0.04,2.0,0.7,0.0,0.01,100.0,0.99,1.7158459570200648,0.2809291837779161,0.04829688389886295,0.0132215
L1,R,0.04,2.0,0.7,0.0,0.01,100.0,0.99,2.1518001556396484,0.3430016422271731,0.07228667290622917,0.009537
L1,L1,0.04,2.0,0.7,0.0,0.01,100.0,0.99,1.8000685786828399,0.30004777334864613,8.401239374528091e-8,0.6614064
L1,L12,0.04,2.0,0.7,0.0,0.01,100.0,0.99,1.7998361799945997,0.2999427318827016,1.3628727277112584e-7,7.121895401
L12,A,0.04,2.0,0.7,0.0,0.01,100.0,0.99,1.8000685786828399,0.30004777334864613,1.9920294848684305e-7,0.0028626
L12,B,0.04,2.0,0.7,0.0,0.01,100.0,0.99,1.714630126953125,0.2802371215820312,0.048260756704979625,0.0086841
L12,R,0.04,2.0,0.7,0.0,0.01,100.0,0.99,2.153828352689743,0.3436598713696007,0.07349322026286645,0.0143286
L12,L1,0.04,2.0,0.7,0.0,0.01,100.0,0.99,1.8000228023156524,0.30002160452540394,2.393049502222269e-7,0.7370345
L12,L12,0.04,2.0,0.7,0.0,0.01,100.0,0.99,1.8000685786828399,0.30004777334864613,8.400884211518074e-8,4.6956049
A,A,0.05,2.0,0.7,0.0,0.01,100.0,0.99,1.8000685786828399,0.30004777334864613,8.420229289803974e-8,0.001856
A,B,0.05,2.0,0.7,0.0,0.01,100.0,0.99,1.7049336338288699,0.2784899166951595,0.04511932734600113,0.0104362
A,R,0.05,2.0,0.7,0.0,0.01,100.0,0.99,2.18405818939209,0.3473996400833133,0.0719049643515911,0.0095436
A,L1,0.05,2.0,0.7,0.0,0.01,100.0,0.99,1.8001485738204792,0.3000493980047885,4.4393197393711817e-7,0.464338499
A,L12,0.05,2.0,0.7,0.0,0.01,100.0,0.99,1.8000685786828399,0.30004777334864613,3.071855272390625e-7,3.0592913
B,A,0.05,2.0,0.7,0.0,0.01,100.0,0.99,1.9142348652803776,0.3238590224887943,0.00036208282519695467,0.00241
B,B,0.05,2.0,0.7,0.0,0.01,100.0,0.99,1.7931296341121197,0.29682920192369056,0.02385966048182366,0.0086666
B,R,0.05,2.0,0.7,0.0,0.01,100.0,0.99,2.3235602581407875,0.371532345402518,0.27884038821329254,0.0088968
B,L1,0.05,2.0,0.7,0.0,0.01,100.0,0.99,1.9145193206472868,0.32394434457787474,0.0003802229774901581,0.5029496
B,L12,0.05,2.0,0.7,0.0,0.01,100.0,0.99,1.9142348652803776,0.3238590224887943,0.0003634023949998848,3.1236544
R,A,0.05,2.0,0.7,0.0,0.01,100.0,0.99,1.4836440452806983,0.2526536478498201,0.0002975595797897994,0.0031191
R,B,0.05,2.0,0.7,0.0,0.01,100.0,0.99,1.4238066646503285,0.23570585669338345,0.13497886479532537,0.0121028
R,R,0.05,2.0,0.7,0.0,0.01,100.0,0.99,1.8000130094587803,0.3000209073396409,5.2636441736254795e-6,0.012545399
R,L1,0.05,2.0,0.7,0.0,0.01,100.0,0.99,1.4838074781681496,0.25272991038098724,0.0002892956092762924,0.6651198
R,L12,0.05,2.0,0.7,0.0,0.01,100.0,0.99,1.4836440452806983,0.2526536478498201,0.00029658334548546636,3.7990288
L1,A,0.05,2.0,0.7,0.0,0.01,100.0,0.99,1.7997485352680087,0.2999100803607224,4.291873787163293e-7,0.0023416
L1,B,0.05,2.0,0.7,0.0,0.01,100.0,0.99,1.7047421639894624,0.2784111646467332,0.047174264408338405,0.010978401
L1,R,0.05,2.0,0.7,0.0,0.01,100.0,0.99,2.1841282844543457,0.34741985082626375,0.06926519003537633,0.027116499
L1,L1,0.05,2.0,0.7,0.0,0.01,100.0,0.99,1.8000685786828399,0.30004777334864613,8.420722872354484e-8,0.3901398
L1,L12,0.05,2.0,0.7,0.0,0.01,100.0,0.99,1.7997485352680087,0.2999100803607224,2.522646204643562e-7,3.7338166
L12,A,0.05,2.0,0.7,0.0,0.01,100.0,0.99,1.8000685786828399,0.30004777334864613,3.0884336881084314e-7,0.0021074
L12,B,0.05,2.0,0.7,0.0,0.01,100.0,0.99,1.7049336338288699,0.2784899166951595,0.04527424618593507,0.0136785
L12,R,0.05,2.0,0.7,0.0,0.01,100.0,0.99,2.18405818939209,0.3473996400833133,0.0715471371881279,0.0123916
L12,L1,0.05,2.0,0.7,0.0,0.01,100.0,0.99,1.8001485738204792,0.3000493980047885,2.6543698859936804e-7,0.7462859
L12,L12,0.05,2.0,0.7,0.0,0.01,100.0,0.99,1.8000685786828399,0.30004777334864613,8.420214346961099e-8,3.352046
A,A,0.06,2.0,0.7,0.0,0.01,100.0,0.99,1.8000685786828399,0.30004777334864613,8.34099183736422e-8,0.002289201
A,B,0.06,2.0,0.7,0.0,0.01,100.0,0.99,1.6947952108457685,0.27613506715512115,0.043237274747275914,0.014683499
A,R,0.06,2.0,0.7,0.0,0.01,100.0,0.99,2.209487213520333,0.35024570793379084,0.07029466193693877,0.015812599
A,L1,0.06,2.0,0.7,0.0,0.01,100.0,0.99,1.8002075590193272,0.30004898301326993,8.042420317222406e-7,0.337188001
A,L12,0.06,2.0,0.7,0.0,0.01,100.0,0.99,1.8000685786828399,0.30004777334864613,4.692711625897217e-7,2.0312215
B,A,0.06,2.0,0.7,0.0,0.01,100.0,0.99,1.99212646484375,0.35082565307617086,0.007315893614847515,0.0012572
B,B,0.06,2.0,0.7,0.0,0.01,100.0,0.99,1.8003960400819778,0.30018049567937855,6.862268032888766e-5,0.010016899
B,R,0.06,2.0,0.7,0.0,0.01,100.0,0.99,2.3665429642423987,0.3766709446808084,0.27404967116528783,0.0128224
B,L1,0.06,2.0,0.7,0.0,0.01,100.0,0.99,1.9287691133740736,0.32674017718229,0.0004506585212792646,0.2840841
B,L12,0.06,2.0,0.7,0.0,0.01,100.0,0.99,1.99212646484375,0.35082565307617086,0.007316751611131009,1.162003899
R,A,0.06,2.0,0.7,0.0,0.01,100.0,0.99,1.465605545672588,0.24935289363609534,0.0003403838953793705,0.002762301
R,B,0.06,2.0,0.7,0.0,0.01,100.0,0.99,1.4012818013251263,0.23090553411776135,0.12717293437217758,0.014596699
R,R,0.06,2.0,0.7,0.0,0.01,100.0,0.99,1.8000130094587803,0.3000209073396409,4.266372747279401e-6,0.0119002
R,L1,0.06,2.0,0.7,0.0,0.01,100.0,0.99,1.4661247399635613,0.24959492410533038,0.00032851505302656554,0.4318148
R,L12,0.06,2.0,0.7,0.0,0.01,100.0,0.99,1.465605545672588,0.24935289363609534,0.0003388095577425967,3.1541294
L1,A,0.06,2.0,0.7,0.0,0.01,100.0,0.99,1.7965641831979156,0.29859511159594493,1.811712114226506e-5,0.0019307
L1,B,0.06,2.0,0.7,0.0,0.01,100.0,0.99,1.6946955465245992,0.2760874397907194,0.045640764892180684,0.0125314
L1,R,0.06,2.0,0.7,0.0,0.01,100.0,0.99,2.208491325378418,0.34994993209838876,0.06695521550311727,0.0143489
L1,L1,0.06,2.0,0.7,0.0,0.01,100.0,0.99,1.8000685786828399,0.30004777334864613,8.341629838242432e-8,0.308863801
L1,L12,0.06,2.0,0.7,0.0,0.01,100.0,0.99,1.7965641831979156,0.29859511159594493,1.7878981644911795e-5,1.433293101
L12,A,0.06,2.0,0.7,0.0,0.01,100.0,0.99,1.8000685786828399,0.30004777334864613,4.719983917821552e-7,0.002438799
L12,B,0.06,2.0,0.7,0.0,0.01,100.0,0.99,1.6947952108457685,0.27613506715512115,0.04344260297910846,0.0109789
L12,R,0.06,2.0,0.7,0.0,0.01,100.0,0.99,2.209487213520333,0.35024570793379084,0.06978802846341511,0.0131751
L12,L1,0.06,2.0,0.7,0.0,0.01,100.0,0.99,1.8002075590193272,0.30004898301326993,4.963939679781212e-7,0.2708024
L12,L12,0.06,2.0,0.7,0.0,0.01,100.0,0.99,1.8000685786828399,0.30004777334864613,8.340965370570683e-8,1.6407431
A,A,0.07,2.0,0.7,0.0,0.01,100.0,0.99,1.8000685786828399,0.30004777334864613,8.360187453042372e-8,0.001348099
A,B,0.07,2.0,0.7,0.0,0.01,100.0,0.99,1.6862849565950455,0.27431377347063923,0.041507242583602555,0.0117038
A,R,0.07,2.0,0.7,0.0,0.01,100.0,0.99,2.232699045653135,0.35284462925530047,0.0698236169560903,0.0099223
A,L1,0.07,2.0,0.7,0.0,0.01,100.0,0.99,1.8003459610044956,0.30012690535747766,1.1346317448245382e-6,0.2368881
A,L12,0.07,2.0,0.7,0.0,0.01,100.0,0.99,1.8000685786828399,0.30004777334864613,6.956542131344357e-7,1.616249699
B,A,0.07,2.0,0.7,0.0,0.01,100.0,0.99,1.9418726526200771,0.32921080380678047,0.00048212056513795146,0.002417101
B,B,0.07,2.0,0.7,0.0,0.01,100.0,0.99,1.8000012081607295,0.30000119480576654,7.190584021162924e-9,0.0224002
B,R,0.07,2.0,0.7,0.0,0.01,100.0,0.99,2.4081091517582536,0.38187430014833706,0.271851389475807,0.0213962
B,L1,0.07,2.0,0.7,0.0,0.01,100.0,0.99,1.9418441502748465,0.3291867004919618,0.0005179744441782282,0.3876295
B,L12,0.07,2.0,0.7,0.0,0.01,100.0,0.99,1.9418726526200771,0.32921080380678047,0.00048538786303355537,1.925319699
R,A,0.07,2.0,0.7,0.0,0.01,100.0,0.99,1.449932540388545,0.24654739809455217,0.00038323411688857183,0.0029401
R,B,0.07,2.0,0.7,0.0,0.01,100.0,0.99,1.381479843705165,0.22666123839343055,0.1212741126353703,0.0174496
R,R,0.07,2.0,0.7,0.0,0.01,100.0,0.99,1.8000130094587803,0.3000209073396409,3.6081124500512225e-6,0.012388599
R,L1,0.07,2.0,0.7,0.0,0.01,100.0,0.99,1.4503180980682373,0.24676118016242857,0.00036799236246137237,0.235167
R,L12,0.07,2.0,0.7,0.0,0.01,100.0,0.99,1.449932540388545,0.24654739809455217,0.00038087362736805843,1.449481
L1,A,0.07,2.0,0.7,0.0,0.01,100.0,0.99,1.7965641831979156,0.29859511159594493,1.7590445102748193e-5,0.001353601
L1,B,0.07,2.0,0.7,0.0,0.01,100.0,0.99,1.6858008199244843,0.27411041275266557,0.0442829166752345,0.0118293
L1,R,0.07,2.0,0.7,0.0,0.01,100.0,0.99,2.232787832755264,0.35289596755546637,0.06573846235421989,0.012104001
L1,L1,0.07,2.0,0.7,0.0,0.01,100.0,0.99,1.8000685786828399,0.30004777334864613,8.361002350515127e-8,0.3193399
L1,L12,0.07,2.0,0.7,0.0,0.01,100.0,0.99,1.7965641831979156,0.29859511159594493,1.720368867017749e-5,2.100502899
L12,A,0.07,2.0,0.7,0.0,0.01,100.0,0.99,1.8000685786828399,0.30004777334864613,6.998096146495015e-7,0.0041817
L12,B,0.07,2.0,0.7,0.0,0.01,100.0,0.99,1.6862849565950455,0.27431377347063923,0.041770405527186576,0.019629301
L12,R,0.07,2.0,0.7,0.0,0.01,100.0,0.99,2.232699045653135,0.35284462925530047,0.06914405784581931,0.014326599
L12,L1,0.07,2.0,0.7,0.0,0.01,100.0,0.99,1.8003459610044956,0.30012690535747766,6.496818636398886e-7,0.3367227
L12,L12,0.07,2.0,0.7,0.0,0.01,100.0,0.99,1.8000685786828399,0.30004777334864613,8.360144768116945e-8,1.9556551
A,A,0.08,2.0,0.7,0.0,0.01,100.0,0.99,1.8000685786828399,0.30004777334864613,8.478266864966722e-8,0.001835501
A,B,0.08,2.0,0.7,0.0,0.01,100.0,0.99,1.6791448593139648,0.27304910659789994,0.04053377493397124,0.012640899
A,R,0.08,2.0,0.7,0.0,0.01,100.0,0.99,2.255456716678475,0.3556373671061902,0.06999190413097152,0.0156001
A,L1,0.08,2.0,0.7,0.0,0.01,100.0,0.99,1.8006930388510227,0.30023514381611105,1.6915284149639944e-6,0.2512441
A,L12,0.08,2.0,0.7,0.0,0.01,100.0,0.99,1.8000685786828399,0.30004777334864613,9.951044238387895e-7,1.585125399
B,A,0.08,2.0,0.7,0.0,0.01,100.0,0.99,1.9533452205359936,0.33118338473140974,0.000535450145392651,0.002325401
B,B,0.08,2.0,0.7,0.0,0.01,100.0,0.99,1.8002286509872647,0.300094896817427,1.996309550293215e-5,0.013295801
B,R,0.08,2.0,0.7,0.0,0.01,100.0,0.99,2.447241483256221,0.38668788779526925,0.2713146926911545,0.013664799
B,L1,0.08,2.0,0.7,0.0,0.01,100.0,0.99,1.9546096920967102,0.33163496851921126,0.0005836261245153045,0.2382357
B,L12,0.08,2.0,0.7,0.0,0.01,100.0,0.99,1.953439713921398,0.3312194257322676,0.0005401236483895258,1.6286853
R,A,0.08,2.0,0.7,0.0,0.01,100.0,0.99,1.4362517475000232,0.24419924888988442,0.00042670671372485445,0.002209
R,B,0.08,2.0,0.7,0.0,0.01,100.0,0.99,1.3640443533658981,0.22304891139268784,0.11690766343672493,0.0141428
R,R,0.08,2.0,0.7,0.0,0.01,100.0,0.99,1.8000130094587803,0.3000209073396409,3.1585872398890497e-6,0.011751399
R,L1,0.08,2.0,0.7,0.0,0.01,100.0,0.99,1.436581490423464,0.2443534595380546,0.0004069579525214292,0.2094622
R,L12,0.08,2.0,0.7,0.0,0.01,100.0,0.99,1.4362517475000232,0.24419924888988442,0.00042334722129979064,1.246111301
L1,A,0.08,2.0,0.7,0.0,0.01,100.0,0.99,1.7965641831979156,0.29859511159594493,1.722519964126636e-5,0.001332199
L1,B,0.08,2.0,0.7,0.0,0.01,100.0,0.99,1.677592407912016,0.27229422019794597,0.04316231838507499,0.010949701
L1,R,0.08,2.0,0.7,0.0,0.01,100.0,0.99,2.252338529928238,0.35463051541109003,0.0659181669703349,0.008579599
L1,L1,0.08,2.0,0.7,0.0,0.01,100.0,0.99,1.8000685786828399,0.30004777334864613,8.479306769408393e-8,0.1741241
L1,L12,0.08,2.0,0.7,0.0,0.01,100.0,0.99,1.7965641831979156,0.29859511159594493,1.663976143610947e-5,0.879607101
L12,A,0.08,2.0,0.7,0.0,0.01,100.0,0.99,1.8000685786828399,0.30004777334864613,1.001078774323429e-6,0.001660799
L12,B,0.08,2.0,0.7,0.0,0.01,100.0,0.99,1.6791448593139648,0.27304910659789994,0.040864044449694915,0.0085632
L12,R,0.08,2.0,0.7,0.0,0.01,100.0,0.99,2.255456716678475,0.3556373671061902,0.06911837429892766,0.010659501
L12,L1,0.08,2.0,0.7,0.0,0.01,100.0,0.99,1.8005233332514763,0.3001782755460715,8.963736778645788e-7,0.220912099
L12,L12,0.08,2.0,0.7,0.0,0.01,100.0,0.99,1.8000685786828399,0.30004777334864613,8.478202597568732e-8,1.1324372
A,A,0.09,2.0,0.7,0.0,0.01,100.0,0.99,1.8000685786828399,0.3000477733486454,8.106270635087488e-8,0.001361899
A,B,0.09,2.0,0.7,0.0,0.01,100.0,0.99,1.6774632930755615,0.27460264682769797,0.05648549329699813,0.0096059
A,R,0.09,2.0,0.7,0.0,0.01,100.0,0.99,2.2761483218273497,0.3581289999727171,0.06877075779513313,0.0097501
A,L1,0.09,2.0,0.7,0.0,0.01,100.0,0.99,1.8008359111845493,0.3003112553712105,2.32357531397246e-6,0.130483
A,L12,0.09,2.0,0.7,0.0,0.01,100.0,0.99,1.8000685786828399,0.3000477733486454,1.3885970199600964e-6,0.8129186
B,A,0.09,2.0,0.7,0.0,0.01,100.0,0.99,1.9653956290981967,0.33350166158672406,0.0005750369624476969,0.001399401
B,B,0.09,2.0,0.7,0.0,0.01,100.0,0.99,1.7997215139766922,0.29985338636750847,2.928054107352542e-5,0.1549161
B,R,0.09,2.0,0.7,0.0,0.01,100.0,0.99,2.4847840594160315,0.39146945016238266,0.2640680524877293,0.014736001
B,L1,0.09,2.0,0.7,0.0,0.01,100.0,0.99,1.9663524778861756,0.33382001925723975,0.00063517420372159,0.146794201
B,L12,0.09,2.0,0.7,0.0,0.01,100.0,0.99,1.9654368381224003,0.33352663305811564,0.0005814746886301626,0.8973987
R,A,0.09,2.0,0.7,0.0,0.01,100.0,0.99,1.422755971783772,0.2414480034215366,0.00046368196709382865,0.001676
R,B,0.09,2.0,0.7,0.0,0.01,100.0,0.99,1.347107943890478,0.21887918918677168,0.1098690826009852,0.0089004
R,R,0.09,2.0,0.7,0.0,0.01,100.0,0.99,1.800074203289114,0.3000354784191613,9.258429519724521e-7,0.0097882
R,L1,0.09,2.0,0.7,0.0,0.01,100.0,0.99,1.4544658660888672,0.258429145812988,0.0024109385586277457,0.0962898
R,L12,0.09,2.0,0.7,0.0,0.01,100.0,0.99,1.422755971783772,0.2414480034215366,0.00045910209691843456,1.105578
L1,A,0.09,2.0,0.7,0.0,0.01,100.0,0.99,1.7965641831979156,0.2985951115959448,1.647684368259189e-5,0.0009788
L1,B,0.09,2.0,0.7,0.0,0.01,100.0,0.99,1.6774632930755615,0.27460264682769797,0.06200078940743646,0.006044401
L1,R,0.09,2.0,0.7,0.0,0.01,100.0,0.99,2.276459473241914,0.3582656625363989,0.0635599060681506,0.0079128
L1,L1,0.09,2.0,0.7,0.0,0.01,100.0,0.99,1.8000685786828399,0.3000477733486454,8.107377455514476e-8,0.1261678
L1,L12,0.09,2.0,0.7,0.0,0.01,100.0,0.99,1.7965641831979156,0.2985951115959448,1.5624912986537464e-5,0.6406178
L12,A,0.09,2.0,0.7,0.0,0.01,100.0,0.99,1.7999054556712508,0.299948800581054,1.3530942991517408e-6,0.001225899
L12,B,0.09,2.0,0.7,0.0,0.01,100.0,0.99,1.6774632930755615,0.27460264682769797,0.05693128802353606,0.005830101
L12,R,0.09,2.0,0.7,0.0,0.01,100.0,0.99,2.2761483218273497,0.3581289999727171,0.06767929417027117,0.008577599
L12,L1,0.09,2.0,0.7,0.0,0.01,100.0,0.99,1.8008359111845493,0.3003112553712105,1.3115573293239534e-6,0.1167439
L12,L12,0.09,2.0,0.7,0.0,0.01,100.0,0.99,1.8000685786828399,0.3000477733486454,8.106178231458239e-8,0.7339833
A,A,0.1,2.0,0.7,0.0,0.01,100.0,0.99,1.8003178453072906,0.30011290334399165,2.0035099437737734e-7,0.0012463
A,B,0.1,2.0,0.7,0.0,0.01,100.0,0.99,1.6632374990731478,0.2691593552148023,0.03673582086381608,0.0093664
A,R,0.1,2.0,0.7,0.0,0.01,100.0,0.99,2.29492926088556,0.3601409598798184,0.07051929133016997,0.007072499
A,L1,0.1,2.0,0.7,0.0,0.01,100.0,0.99,1.7995956793893129,0.2998186455504109,5.359949753090257e-6,0.0778785
A,L12,0.1,2.0,0.7,0.0,0.01,100.0,0.99,1.8003178453072906,0.30011290334399165,1.9578232683179006e-6,0.6106061
B,A,0.1,2.0,0.7,0.0,0.01,100.0,0.99,1.9759983350522816,0.33527330520562904,0.000624905525195193,0.001083301
B,B,0.1,2.0,0.7,0.0,0.01,100.0,0.99,1.799794212449342,0.299901187848298,1.3359736043153454e-5,0.008067
B,R,0.1,2.0,0.7,0.0,0.01,100.0,0.99,2.5280075073242188,0.39788187026977684,0.2748484099342187,0.006383799
B,L1,0.1,2.0,0.7,0.0,0.01,100.0,0.99,1.9769404763355851,0.3355593382380908,0.0006986868030612376,0.1066117
B,L12,0.1,2.0,0.7,0.0,0.01,100.0,0.99,1.9759601135738194,0.33525486144237293,0.0006333078119645366,0.715660799
R,A,0.1,2.0,0.7,0.0,0.01,100.0,0.99,1.4110530614852905,0.23942628681659783,0.0005116859487209499,0.0011367
R,B,0.1,2.0,0.7,0.0,0.01,100.0,0.99,1.3327673493804468,0.21602796047824008,0.10853257635364788,0.0079546
R,R,0.1,2.0,0.7,0.0,0.01,100.0,0.99,1.8000130094587803,0.3000209073396409,2.475432020970445e-6,0.007695501
R,L1,0.1,2.0,0.7,0.0,0.01,100.0,0.99,1.4111916422843933,0.23946761369705175,0.00048221763365133356,0.0888233
R,L12,0.1,2.0,0.7,0.0,0.01,100.0,0.99,1.4110530614852905,0.23942628681659783,0.0005057029901168888,0.699261301
L1,A,0.1,2.0,0.7,0.0,0.01,100.0,0.99,1.8010372658027336,0.3005641787688489,1.1283249629519136e-5,0.0007776
L1,B,0.1,2.0,0.7,0.0,0.01,100.0,0.99,1.662707844254328,0.26894251708377676,0.040492940434339285,0.0089096
L1,R,0.1,2.0,0.7,0.0,0.01,100.0,0.99,2.295576017771964,0.3604035511148562,0.06466736505689646,0.0206815
L1,L1,0.1,2.0,0.7,0.0,0.01,100.0,0.99,1.7999790229368955,0.29999285003403925,9.712029934611077e-10,0.1310898
L1,L12,0.1,2.0,0.7,0.0,0.01,100.0,0.99,1.8010372658027336,0.3005641787688489,9.765266966225089e-6,0.5437762
L12,A,0.1,2.0,0.7,0.0,0.01,100.0,0.99,1.800272068940103,0.30008673452074947,1.9999713012585897e-6,0.001512101
L12,B,0.1,2.0,0.7,0.0,0.01,100.0,0.99,1.6632566343196231,0.2691775808907012,0.03718377572090828,0.011966001
L12,R,0.1,2.0,0.7,0.0,0.01,100.0,0.99,2.29492926088556,0.3601409598798184,0.06918528899216737,0.0101433
L12,L1,0.1,2.0,0.7,0.0,0.01,100.0,0.99,1.7995956793893129,0.2998186455504109,3.898941839468695e-6,0.096928701
L12,L12,0.1,2.0,0.7,0.0,0.01,100.0,0.99,1.8003178453072906,0.30011290334399165,2.0034611568604667e-7,0.6926692
